Feature,MI_mean,RF_mean,F_mean,total_mean
mask2_T1C_firstorder_Skewness,1,1,0.9244080911221239,0.9748026970407079
mask2_T2_shape_Sphericity,0.639940179768954,0.7876586252971132,1,0.8091996016886891
mask2_T2_shape_SurfaceArea,0.7363735187626618,0.5877310436976748,0.7401773918062418,0.6880939847555262
mask2_T1C_ngtdm_Busyness,0.8045720800620312,0.510230237392504,0.6702961530037129,0.6616994901527494
mask2_T1C_glcm_ClusterShade,0.7175935651326316,0.607039111898896,0.65649896904878,0.6603772153601025
mask2_T1C_glszm_GrayLevelNonUniformity,0.6381392535632145,0.5568061100315204,0.7037445552335122,0.6328966396094157
mask2_T2_shape_MajorAxisLength,0.4960826829021156,0.7714629221583501,0.6026488692282189,0.6233981580962281
mask1_T2_shape_Sphericity,0.7279119139508553,0.45195662484720855,0.5610563216850184,0.5803082868276941
mask1_T1C_firstorder_90Percentile,0.45180994996071155,0.8129472825483037,0.44598446456886776,0.5702472323592943
mask2_T1C_firstorder_Median,0.5737809341759026,0.4131806909561017,0.620787535036709,0.5359163867229045
mask2_T2_glrlm_GrayLevelNonUniformity,0.8506317261479698,0.26941780701255125,0.48143533656365306,0.533828289908058
mask1_T2_firstorder_Skewness,0.5946227168481535,0.5033782424986516,0.49935827298479735,0.5324530774438675
mask2_T2_shape_Maximum2DDiameterSlice,0.6835259310927276,0.4500534736168817,0.46180440539003964,0.5317946033665496
mask2_T1C_firstorder_Kurtosis,0.5188227798761161,0.5577676052329883,0.44876002222801353,0.5084501357790393
mask2_T1C_firstorder_RootMeanSquared,0.7410388097959578,0.29963113232348687,0.4693388843084425,0.5033362754759624
mask1_T2_glcm_DifferenceEntropy,0.6252100343190723,0.34089867115487293,0.5394865143877131,0.5018650732872194
mask2_T1C_glrlm_RunLengthNonUniformity,0.6205313665729532,0.2875317304799616,0.5862702289148889,0.4981111086559345
mask1_T1C_firstorder_Kurtosis,0.46900578462783676,0.5238371995327494,0.4976252131836756,0.4968227324480872
mask2_T2_firstorder_Energy,0.577140793345441,0.4354813303086726,0.45902272291775675,0.49054828219062346
mask2_T1C_firstorder_Mean,0.648816764106452,0.3104869541178479,0.5068256353949745,0.4887097845397581
mask2_T2_firstorder_Maximum,0.5703393812709666,0.4137164570273222,0.46702439039194615,0.4836934095634116
mask2_T1C_glrlm_RunEntropy,0.4541739708017775,0.41707892575758804,0.5517658691181158,0.4743395885591604
mask2_T1C_glcm_JointAverage,0.6514167965146703,0.2680587694834497,0.48322111281245955,0.46756555960352647
mask2_T2_shape_VoxelVolume,0.7554643319263358,0.2127994102453607,0.4282968100984969,0.46552018409006446
mask2_T1C_glrlm_LongRunHighGrayLevelEmphasis,0.5292326556868351,0.4081058739670485,0.4561678395198564,0.46450212305791333
mask2_T2_shape_MinorAxisLength,0.5493728408238895,0.3074078711646299,0.5301326302738363,0.4623044474207852
mask2_T2_shape_Maximum3DDiameter,0.5285678658817149,0.46613176788168037,0.3913549948044061,0.4620182095226005
mask1_T2_glrlm_ShortRunHighGrayLevelEmphasis,0.6294254538401491,0.28111001796908663,0.47165587406839554,0.46073044862587714
mask2_T2_shape_MeshVolume,0.6956348570824835,0.24343185162900746,0.42782854977711227,0.45563175282953444
mask1_T2_glcm_Id,0.5421114024567055,0.2981280168687172,0.5154925711952776,0.4519106635069001
mask1_T2_glcm_Autocorrelation,0.5761009197089573,0.3028151569110516,0.4684920711109835,0.44913604924366407
mask2_T1C_firstorder_10Percentile,0.3511219856872121,0.4089786891510623,0.5836257188887053,0.44790879790899324
mask2_T1C_glcm_Autocorrelation,0.5132715780226786,0.29290467711204526,0.5224243576094795,0.4428668709147345
mask2_T1C_firstorder_Uniformity,0.643228238745829,0.3621685408180135,0.3214545437342538,0.4422837744326988
mask2_T2_firstorder_Range,0.5362067995057087,0.29895313130984613,0.48903455861240774,0.4413981631426542
mask1_T2_glcm_SumAverage,0.587691643767112,0.3064940767060469,0.427287357749856,0.44049102607433827
mask1_T2_glcm_Idm,0.41602712258808816,0.3651409475644163,0.5275315282883958,0.4362331994803001
mask1_T2_glcm_JointAverage,0.587691643767112,0.29083110413668434,0.427287357749856,0.43527003521788415
mask2_T2_firstorder_10Percentile,0.6896771022956081,0.4576035255185422,0.14754125529036832,0.43160729436817286
mask1_T2_glcm_JointEntropy,0.4902789847092383,0.26447123997539074,0.5394229585854716,0.43139106109003356
mask2_T1C_glszm_SizeZoneNonUniformity,0.5872164455893032,0.2283136432255459,0.47807827984913687,0.43120278955466196
mask1_T1C_glszm_GrayLevelVariance,0.45561668645587344,0.3364724758582746,0.48550479653603873,0.42586465295006226
mask2_T1C_glrlm_HighGrayLevelRunEmphasis,0.616236209250452,0.21322199546300888,0.4459042020578917,0.4251208022571175
mask2_T1C_glrlm_ShortRunHighGrayLevelEmphasis,0.660970770355246,0.21178696197762942,0.3903098108849854,0.4210225144059536
mask2_T2_shape_Maximum2DDiameterColumn,0.3661512684637071,0.38857155246946207,0.4995094970142165,0.41807743931579516
mask1_T2_glcm_Idn,0.3645494724125998,0.31855141516721003,0.5230395377680491,0.4020468084492863
mask2_T2_glcm_JointEntropy,0.405376613311445,0.36693785623104497,0.42261014583399853,0.3983082051254962
mask1_T2_glcm_Idmn,0.5543726367570113,0.24559985039312454,0.3941903997829684,0.39805429564436806
mask1_T1C_firstorder_MeanAbsoluteDeviation,0.4271880636476724,0.41329636525759755,0.3387120837389778,0.3930655042147493
mask2_T1C_ngtdm_Strength,0.6232713889267332,0.529391192166237,0.011069061894609641,0.3879105476625266
mask2_T1C_glszm_GrayLevelVariance,0.5249448733071569,0.3055239086422363,0.3264379906822419,0.3856355908772117
mask2_T2_glcm_Idm,0.6453532471347428,0.12139231963834164,0.3778342780523182,0.3815266149418009
mask1_T1C_firstorder_Uniformity,0.579105796957589,0.2137353205029176,0.34986645403336264,0.38090252383128975
mask1_T2_glrlm_GrayLevelNonUniformityNormalized,0.48747531412048445,0.1983457599189087,0.44441903407182526,0.37674670270373944
mask2_T1C_ngtdm_Coarseness,0.7015555228063141,0.4190126488276729,0.009413457534799682,0.37666054305626223
mask1_T2_firstorder_Minimum,0.5787395885115486,0.20836779440979813,0.3403517434634594,0.37581970879493537
mask2_T2_shape_Maximum2DDiameterRow,0.4641531593293836,0.2469910859236734,0.4161042801423357,0.37574950846513094
mask2_T2_firstorder_Minimum,0.5119309527442135,0.30522707992855724,0.30325056772096143,0.3734695334645774
mask2_T2_ngtdm_Contrast,0.6468185498071857,0.33119265408559573,0.13217494554810252,0.370062049813628
mask1_T2_glcm_SumEntropy,0.48148376588534053,0.20526843864085403,0.4226907690943207,0.36981432454017177
mask1_T2_glcm_DifferenceAverage,0.2986045958433202,0.2938524041445441,0.5122517606524217,0.36823625354676204
mask1_T2_glrlm_HighGrayLevelRunEmphasis,0.47169232022553703,0.20811617299108046,0.4163359563893326,0.3653814832019833
mask2_T2_glrlm_GrayLevelVariance,0.6570899227180347,0.14308011285562125,0.289920531414731,0.3633635223294623
mask1_T2_glcm_Contrast,0.4599452286239979,0.23253895334813138,0.3802208282630908,0.3575683367450733
mask2_T2_firstorder_Entropy,0.4481359490395605,0.2107815604105516,0.4072418289345272,0.3553864461282131
mask1_T2_firstorder_Maximum,0.5740960003072694,0.15991001905319446,0.32955311395414233,0.35451971110486874
mask1_T1C_firstorder_RobustMeanAbsoluteDeviation,0.3657535641219764,0.3554285342591613,0.33851722719119254,0.35323310852411005
mask1_T2_firstorder_Uniformity,0.6634877224584355,0.14368688798727258,0.2500584314996758,0.35241101398179464
mask2_T2_ngtdm_Complexity,0.420198044611277,0.2717611060067702,0.36351303088883546,0.35182406050229426
mask1_T2_shape_SurfaceVolumeRatio,0.3978310755346669,0.39139879718240383,0.26043702400346513,0.34988896557351196
mask2_T2_firstorder_MeanAbsoluteDeviation,0.5722704641651697,0.25493087457685915,0.22092822417788358,0.34937652097330413
mask1_T2_glcm_ClusterShade,0.26099948775294973,0.520999764206555,0.23967015322109586,0.34055646839353354
mask2_T2_glcm_Id,0.5104202080989159,0.1434198722378966,0.3660969738865951,0.33997901807446923
mask2_T1C_glcm_Imc2,0.5391666433841309,0.23816959240257254,0.22921318770453597,0.3355164744970798
mask2_T2_glcm_SumEntropy,0.483634295193561,0.20239490252515807,0.31913107608189584,0.335053424600205
mask2_T2_shape_LeastAxisLength,0.4425996042462337,0.1271809131981993,0.43400051037375514,0.3345936759393961
mask2_T1C_firstorder_Entropy,0.43527019047507987,0.23285930720091497,0.32962876137904645,0.33258608635168047
mask2_T1C_firstorder_90Percentile,0.5638947797816956,0.15840766247387975,0.27409631631463005,0.3321329195234018
mask2_T1C_glrlm_GrayLevelVariance,0.5594986976058626,0.16123978567188935,0.2755155638133363,0.3320846823636961
mask2_T2_firstorder_RobustMeanAbsoluteDeviation,0.5568770226542639,0.21538414004504466,0.20877378879020378,0.3270116504965041
mask2_T1C_glrlm_GrayLevelNonUniformityNormalized,0.3586226843474971,0.28025032048936627,0.3401784508292834,0.3263504852220489
mask2_T2_glcm_DifferenceEntropy,0.47335943911262296,0.12120238395303642,0.38374300181972676,0.32610160829512874
mask2_T2_firstorder_InterquartileRange,0.4713474997835245,0.25800345288332016,0.22357196359130735,0.3176409720860507
mask1_T1C_firstorder_Entropy,0.42765322091785923,0.22080088463195893,0.28740423109256386,0.31195277888079403
mask2_T1C_firstorder_Minimum,0.4481448311232877,0.16192689319098993,0.3163682236516713,0.30881331598864964
mask1_T1C_firstorder_RootMeanSquared,0.32098142497064425,0.3384280979057747,0.2669952400244118,0.30880158763361026
mask1_T1C_firstorder_InterquartileRange,0.23793281678948008,0.34816002515130073,0.3394671727718903,0.3085200049042237
mask2_T2_firstorder_Uniformity,0.436111449734041,0.2717840890919784,0.20209988347084337,0.30333180743228755
mask1_T2_glrlm_RunLengthNonUniformityNormalized,0.58253470327574,0.11638200706296228,0.20679185389556454,0.3019028547447556
mask2_T2_glcm_SumSquares,0.47639764092124154,0.10317779096775591,0.3233295715700543,0.3009683344863506
mask1_T2_firstorder_Kurtosis,0.441854192450359,0.14745524667517693,0.3081934033943989,0.29916761417331156
mask1_T2_firstorder_Entropy,0.3113575733793582,0.17635777725379234,0.4072396038448323,0.29831831815932763
mask2_T2_glrlm_RunLengthNonUniformity,0.4856886153248781,0.08380760339000509,0.3252407801875497,0.298245666300811
mask1_T1C_firstorder_Median,0.3953755210027019,0.28110969273674874,0.21312206341844425,0.29653575905263163
mask2_T2_glrlm_RunLengthNonUniformityNormalized,0.5237470379071324,0.04594925833475622,0.3172863851951857,0.2956608938123581
mask1_T1C_glrlm_GrayLevelNonUniformityNormalized,0.35710507383808177,0.19373743451311362,0.3327590072328573,0.29453383852801757
mask1_T2_glrlm_LowGrayLevelRunEmphasis,0.5314437653609895,0.179722088967306,0.16461945413949067,0.29192843615592873
mask2_T2_glrlm_GrayLevelNonUniformityNormalized,0.3998438320690554,0.25235991294614424,0.2228751876064958,0.29169297754056517
mask2_T1C_glcm_SumEntropy,0.34737863618926784,0.2863182886274382,0.2392442030965901,0.2909803759710987
mask1_T2_firstorder_Range,0.3427594971596524,0.13326969620589377,0.39502301234192055,0.2903507352358223
mask1_T1C_firstorder_Skewness,0.25035759932227697,0.33175422192228565,0.27644563289763585,0.2861858180473995
mask1_T1C_glcm_SumEntropy,0.4107155561383763,0.1646570018456935,0.2807063623778872,0.28535964012065235
mask1_T2_glrlm_ShortRunEmphasis,0.5294355369477168,0.10474129122658665,0.22082161211025364,0.2849994800948524
mask1_T1C_firstorder_Mean,0.3532454802368179,0.26276713093582893,0.2265452020488778,0.28085260440717486
mask2_T2_glcm_JointEnergy,0.37207474751722497,0.37701225312832853,0.09260841225109807,0.2805651376322172
mask1_T1C_glcm_MaximumProbability,0.475269013431526,0.10981014562277924,0.25096191890518715,0.27868035931983076
mask2_T1C_glszm_GrayLevelNonUniformityNormalized,0.46008541282327603,0.1269161740751883,0.2446756513883301,0.2772257460955982
mask1_T2_glrlm_LongRunLowGrayLevelEmphasis,0.4506139700186001,0.32198467613634824,0.0570883997167094,0.2765623486238859
mask2_T2_glrlm_RunPercentage,0.44905856711371805,0.05191640444809426,0.32845727044634926,0.2764774140027206
mask1_T2_glcm_DifferenceVariance,0.3969946525234065,0.15033008372022427,0.2763227073661823,0.2745491478699377
mask2_T2_glcm_ClusterTendency,0.3777935635343923,0.10178156854136007,0.34280746883145513,0.27412753363573583
mask2_T2_glcm_Idn,0.4502312634034647,0.1311628411212927,0.23976906220359107,0.27372105557611615
mask1_T1C_glszm_LowGrayLevelZoneEmphasis,0.5418555904072775,0.0657510292248358,0.20774636018147952,0.27178432660453095
mask1_T1C_firstorder_Variance,0.2866534306649842,0.30748007274363287,0.21853057234701267,0.27088802525187655
mask2_T1C_glrlm_GrayLevelNonUniformity,0.35710591113858386,0.07306669702168489,0.37089735396404755,0.2670233207081054
mask1_T2_firstorder_Median,0.4490867071089956,0.12605192334273793,0.22047157147165827,0.2652034006411306
mask2_T2_glszm_LargeAreaLowGrayLevelEmphasis,0.6910108215195313,0.058568381454168,0.041215605127885455,0.26359826936719494
mask2_T1C_glcm_MCC,0.4619946254283621,0.20246038263584545,0.12183733294282367,0.2620974470023438
mask2_T2_firstorder_Variance,0.4179042632347385,0.21444161672995143,0.14338549169998996,0.2585771238882266
mask2_T2_firstorder_Median,0.49631848012033947,0.21213409329289606,0.06367662903501195,0.2573764008160825
mask2_T2_shape_SurfaceVolumeRatio,0.35750202126015845,0.2579767838316163,0.1505645427469501,0.2553477826129083
mask1_T2_glcm_MCC,0.46162782082436427,0.1767599812449352,0.12682218533037995,0.25506999579989315
mask1_T2_glszm_SmallAreaLowGrayLevelEmphasis,0.4805461098941638,0.12355912588388664,0.1580326909055082,0.2540459755611862
mask2_T2_glcm_DifferenceAverage,0.43506899721201053,0.1172883211777747,0.20104215181477456,0.25113315673485326
mask2_T2_glcm_Idmn,0.5773196742247283,0.06950930571026676,0.10215605946640738,0.2496616798004675
mask1_T1C_glszm_GrayLevelNonUniformity,0.3756630490573763,0.06229283377646241,0.2892238185802303,0.24239323380468966
mask1_T2_glrlm_RunPercentage,0.46944117419056974,0.057657297265067076,0.19542743613108698,0.24084196919557463
mask2_T2_glszm_ZoneVariance,0.4689433622007977,0.10865838950366834,0.14181990994900473,0.2398072205511569
mask1_T2_firstorder_10Percentile,0.32168288853776006,0.2006437432073871,0.1955856371449018,0.23930408963001634
mask1_T1C_glcm_InverseVariance,0.2719684994422206,0.27158591418744765,0.16863965738081252,0.23739802367016027
mask1_T2_glszm_GrayLevelVariance,0.3330062123075364,0.25898738911609975,0.11727770319841979,0.236423768207352
mask1_T2_glszm_HighGrayLevelZoneEmphasis,0.4342152387311528,0.113902218897625,0.16077983527118406,0.23629909763332066
mask2_T2_glcm_InverseVariance,0.5560138663125695,0.058410535359530794,0.09330559111955217,0.2359099975972175
mask1_T2_ngtdm_Complexity,0.21346029148922305,0.20057999766916826,0.2930469925962732,0.23569576058488817
mask1_T1C_glszm_ZonePercentage,0.4045230557827079,0.11913390628430184,0.18301450696271657,0.23555715634324212
mask2_T1C_glrlm_ShortRunLowGrayLevelEmphasis,0.5651197169243747,0.0595524260977269,0.08098824127601587,0.2352201280993725
mask2_T2_glrlm_ShortRunEmphasis,0.38792068631472454,0.021380990711906498,0.2907352179781791,0.23334563166827005
mask1_T2_shape_Flatness,0.36457728418608043,0.20935780164621767,0.12308852925758106,0.23234120502995972
mask2_T2_glcm_Contrast,0.5137392940832,0.09435662267899296,0.08766725980189545,0.23192105885469613
mask1_T2_glcm_JointEnergy,0.35994862002595196,0.19532814587754457,0.1381734785171925,0.231150081473563
mask2_T2_firstorder_90Percentile,0.42932848506423044,0.13902392354871843,0.123125827314005,0.23049274530898464
mask1_T1C_glcm_JointEnergy,0.29336359038152865,0.13039724419799062,0.2628779545575602,0.22887959637902652
mask2_T1C_glcm_JointEnergy,0.3271940473319812,0.3004025834288703,0.053803596238511456,0.22713340899978765
mask2_T2_ngtdm_Coarseness,0.6138967983457463,0.0620081470700632,0.0051404226923722944,0.22701512270272725
mask2_T1C_firstorder_RobustMeanAbsoluteDeviation,0.4894822363449738,0.0738353294468069,0.11246515704741207,0.22526090761306428
mask1_T1C_firstorder_Range,0.5247789203476236,0.10962628094111397,0.04062523038582025,0.22501014389151927
mask1_T1C_glszm_GrayLevelNonUniformityNormalized,0.2813316759427617,0.13017174977708032,0.25553426346610997,0.22234589639531732
mask1_T1C_glrlm_ShortRunEmphasis,0.5143272063054114,0.05345063379651839,0.0892554546053573,0.21901109823576237
mask1_T2_glcm_ClusterTendency,0.38854188290649894,0.07078909495971183,0.19667391816009408,0.21866829867543494
mask1_T1C_glrlm_RunLengthNonUniformityNormalized,0.5252330855368174,0.053219393604306074,0.07331710551973936,0.2172565282202876
mask1_T1C_glszm_SmallAreaLowGrayLevelEmphasis,0.32716675803401396,0.1276349375418398,0.1958759046081701,0.21689253339467462
mask2_T2_glszm_GrayLevelNonUniformity,0.3835873815813436,0.067530917399117,0.19524754071006542,0.215455279896842
mask2_T2_glcm_MaximumProbability,0.3255476734021375,0.1704204441047573,0.1499431400840136,0.21530375253030284
mask2_T2_glcm_DifferenceVariance,0.36698776515741166,0.10963723042982165,0.16486476747877987,0.2138299210220044
mask2_T1C_glszm_SmallAreaEmphasis,0.36062647841731027,0.1767914203709275,0.09944948367851332,0.21228912748891704
mask2_T2_glcm_ClusterProminence,0.3394095650248677,0.10393243840235036,0.18796685210141306,0.21043628517621038
mask1_T1C_glcm_DifferenceAverage,0.49648717942551995,0.10410448630907372,0.029527160332040017,0.21003960868887792
mask1_T2_glszm_SmallAreaHighGrayLevelEmphasis,0.29331540876143086,0.12770464567291925,0.2083770305232423,0.20979902831919747
mask2_T2_glcm_Autocorrelation,0.4340706402836271,0.09710700414942258,0.09732978517927864,0.20950247653744272
mask2_T1C_glcm_SumSquares,0.3141717269703997,0.14794754002390456,0.16164780139389376,0.20792235612939935
mask1_T2_glszm_GrayLevelNonUniformity,0.2564769732012866,0.14500548829570123,0.2213124377250944,0.20759829974069408
mask2_T1C_glcm_MaximumProbability,0.20452382341980815,0.3123943333685668,0.1043665986138771,0.20709491846741734
mask2_T1C_firstorder_InterquartileRange,0.40265138103373577,0.08696246547794245,0.13117992810772472,0.20693125820646766
mask2_T2_glrlm_LongRunHighGrayLevelEmphasis,0.3525181206397704,0.1640205221605184,0.10138697197825002,0.2059752049261796
mask1_T2_glcm_SumSquares,0.3435527623538282,0.0619583865223719,0.20979759364490067,0.20510291417370027
mask1_T1C_glrlm_LongRunEmphasis,0.36161324040833936,0.07216515298116094,0.18090493733869198,0.2048944435760641
mask2_T2_glszm_LargeAreaEmphasis,0.3651995994113255,0.1031573013304713,0.14163846517218037,0.2033317886379924
mask2_T1C_firstorder_Energy,0.32075367923404946,0.08017692639179114,0.20897373157139973,0.20330144573241346
mask2_T2_glszm_SizeZoneNonUniformity,0.37988444355483697,0.06423566335200707,0.16487665298087348,0.2029989199625725
mask2_T2_glcm_ClusterShade,0.47807003815069327,0.10647304501486585,0.02333095553851686,0.20262467956802532
mask1_T1C_glcm_DifferenceEntropy,0.434096589900791,0.10106052844834364,0.06681390676541155,0.20065700837151537
mask2_T1C_glszm_SizeZoneNonUniformityNormalized,0.3077133602608729,0.19044369821691368,0.10309662932244353,0.20041789593341006
mask2_T1C_glrlm_LongRunLowGrayLevelEmphasis,0.3935722101651324,0.10016852455639662,0.10225652575601976,0.19866575349251625
mask2_T2_glszm_HighGrayLevelZoneEmphasis,0.3866184093992597,0.164348139535514,0.044859575640664034,0.19860870819181256
mask1_T1C_glszm_SizeZoneNonUniformity,0.32360753426570255,0.04947119932134853,0.21571843168726962,0.1962657217581069
mask1_T2_shape_LeastAxisLength,0.3406143600666662,0.11432664709852099,0.13365152982178558,0.19619751232899088
mask1_T1C_glrlm_RunLengthNonUniformity,0.34307631157446783,0.1839222477890977,0.05758986961045055,0.19486280965800537
mask1_T1C_glszm_LargeAreaHighGrayLevelEmphasis,0.3328811397077218,0.17719644304233167,0.07338269307457052,0.19448675860820797
mask2_T1C_firstorder_MeanAbsoluteDeviation,0.4277853938259324,0.07170841836803832,0.07964098594973174,0.1930449327145675
mask1_T1C_glcm_MCC,0.43520936896660106,0.06870153699382328,0.07416732635398818,0.19269274410480416
mask2_T1C_glcm_Correlation,0.256616139243154,0.21333322492255402,0.10294345903624,0.19096427440064934
mask1_T1C_glszm_ZoneVariance,0.19148179635360735,0.1723646830204327,0.20801893060107907,0.19062180332503967
mask2_T1C_glszm_LargeAreaHighGrayLevelEmphasis,0.25408810128131576,0.2805143007369223,0.03546885439093122,0.19002375213638975
mask1_T2_glcm_MaximumProbability,0.3545471408991133,0.04651874015833394,0.16537573218793064,0.18881387108179262
mask2_T1C_glcm_ClusterProminence,0.37714559342176013,0.08452419864107087,0.1038879621595271,0.1885192514074527
mask2_T1C_glszm_ZoneEntropy,0.34857473670265154,0.1614588838568219,0.05253818080035854,0.18752393378661067
mask2_T2_glrlm_ShortRunHighGrayLevelEmphasis,0.3670029035504912,0.07665964706870805,0.11855710584236945,0.18740655215385624
mask1_T2_ngtdm_Contrast,0.19803575598686785,0.10367583008778564,0.25596186981617514,0.18589115196360953
mask1_T1C_glszm_ZoneEntropy,0.20587708858665454,0.1624983264085948,0.18725709604321045,0.18521083701281993
mask1_T2_glcm_Correlation,0.4438991147208395,0.08422129892375199,0.02748556810582196,0.18520199391680447
mask2_T1C_glcm_Imc1,0.2586571362488803,0.17183563841752783,0.12421532968688793,0.1849027014510987
mask1_T1C_ngtdm_Busyness,0.23759116469256786,0.1414457119471389,0.17537772939857865,0.18480486867942847
mask1_T1C_ngtdm_Contrast,0.3423606674860469,0.1562251366653386,0.055455454123042314,0.18468041942480928
mask1_T2_firstorder_Energy,0.3360763521065105,0.10904129637609868,0.1051777341867733,0.1834317942231275
mask2_T2_glcm_Imc1,0.379799072395634,0.06629286629969616,0.10230320130122333,0.18279837999885115
mask1_T1C_glszm_LargeAreaEmphasis,0.1632757682093116,0.17542555296273105,0.20807035543315663,0.18225722553506643
mask2_T1C_ngtdm_Complexity,0.2665669667281499,0.18257437657026238,0.09598195654021363,0.18170776661287533
mask1_T2_glrlm_RunLengthNonUniformity,0.20074846894746842,0.15088037683586877,0.19177519563769155,0.18113468047367623
mask1_T1C_glcm_Idmn,0.4331672131369798,0.08144630820642496,0.025278542237686157,0.17996402119369695
mask2_T1C_glrlm_LowGrayLevelRunEmphasis,0.3802397202055209,0.06830128439670755,0.09112276997296063,0.17988792485839636
mask2_T1C_firstorder_Maximum,0.314119378943003,0.15049573539096991,0.07472203098816715,0.17977904844071335
mask2_T2_glrlm_LongRunLowGrayLevelEmphasis,0.3637670050457003,0.15081988362102844,0.02320780241027526,0.17926489702566803
mask1_T1C_glcm_Contrast,0.4031295934933527,0.10570918266403229,0.02511677821686361,0.1779851847914162
mask1_T1C_glcm_Idn,0.38806443406493996,0.11390351982697638,0.031058379084304293,0.1776754443254069
mask2_T1C_glcm_ClusterTendency,0.18083144114025645,0.14820024555041506,0.20310298540377947,0.17737822403148365
mask1_T1C_glcm_Correlation,0.4314522810420169,0.047517962310992576,0.05083215935448293,0.17660080090249744
mask1_T2_shape_Maximum2DDiameterColumn,0.38049458108157835,0.11004864933720361,0.03825375711999262,0.17626566251292486
mask1_T2_firstorder_Mean,0.247036309563071,0.11598251334130151,0.16205289984825486,0.17502390758420913
mask2_T2_firstorder_Skewness,0.3549867437579735,0.09786262728103054,0.07125345938974777,0.17470094347625062
mask2_T2_shape_Elongation,0.15553567528784537,0.2796577471698011,0.0855139164277977,0.17356911296181474
mask1_T2_firstorder_RootMeanSquared,0.3152815386432301,0.08540525304431021,0.11988258077986977,0.17352312415580337
mask2_T2_shape_Flatness,0.014231375588335116,0.3425585485964869,0.16221433369777646,0.17300141929419946
mask1_T1C_glcm_JointEntropy,0.15488087280311524,0.16561025782793581,0.1921896530703768,0.17089359456714262
mask2_T2_glszm_LargeAreaHighGrayLevelEmphasis,0.2314041503297897,0.12107261625023377,0.16015299498298619,0.17087658718766988
mask1_T2_ngtdm_Coarseness,0.3765018098116387,0.11205186371680935,0.0181994546811434,0.16891770940319717
mask2_T2_firstorder_Mean,0.2676391333704019,0.14632387178257136,0.09215788052297069,0.1687069618919813
mask2_T1C_glszm_LowGrayLevelZoneEmphasis,0.31405486661391063,0.1064831272173392,0.08354155995242081,0.16802651792789022
mask2_T1C_firstorder_Variance,0.29589238526302103,0.1370795762222638,0.07065803556301742,0.1678766656827674
mask1_T2_glcm_Imc1,0.26312045030583675,0.05802296682359126,0.1824443685459864,0.16786259522513813
mask2_T2_firstorder_Kurtosis,0.2711820867153549,0.1479092710188174,0.0813555149696809,0.1668156242346177
mask2_T2_glrlm_ShortRunLowGrayLevelEmphasis,0.23445183707849707,0.21491428772762877,0.0500156254526928,0.1664605834196062
mask2_T2_firstorder_RootMeanSquared,0.26080574311514765,0.11795071103919863,0.1193368014066579,0.16603108518700138
mask1_T2_glszm_SizeZoneNonUniformityNormalized,0.29911826965380567,0.07731293042467215,0.11685922293753676,0.16443014100533818
mask1_T2_glrlm_RunEntropy,0.33559700761661465,0.05749305493445213,0.09855137486422796,0.1638804791384316
mask2_T1C_glrlm_RunPercentage,0.37468670978299834,0.06706572674521029,0.04905373758575556,0.16360205803798805
mask1_T1C_glcm_Imc2,0.24318746690025536,0.12228822631834284,0.12018243428134485,0.161886042499981
mask2_T1C_glszm_LargeAreaEmphasis,0.2857652088954565,0.18467494382966496,0.01504688399082895,0.16182901223865012
mask1_T2_glrlm_LongRunEmphasis,0.39721450084166454,0.03394514956622136,0.053124278860203426,0.16142797642269643
mask1_T1C_glrlm_RunPercentage,0.32862724455396825,0.06193453615092947,0.0870892581999309,0.1592170129682762
mask2_T1C_glcm_JointEntropy,0.2546374039027703,0.12254407575745256,0.09955715344993142,0.15891287770338478
mask2_T1C_glszm_LargeAreaLowGrayLevelEmphasis,0.3081340937156157,0.14296367967867044,0.020600635233772414,0.1572328028760195
mask2_T2_glrlm_LowGrayLevelRunEmphasis,0.26486067557436965,0.16867459691517125,0.03619240012484919,0.15657589087146337
mask1_T1C_glszm_LargeAreaLowGrayLevelEmphasis,0.17630772757427424,0.10911035404250244,0.18298386252018992,0.15613398137898885
mask1_T2_ngtdm_Strength,0.16830070995111485,0.2277968490407001,0.07037306188547673,0.15549020695909724
mask1_T1C_ngtdm_Coarseness,0.2707951467088802,0.15252767862708588,0.04110110640458168,0.15480797724684928
mask1_T1C_glrlm_LongRunLowGrayLevelEmphasis,0.3605604589473138,0.035988042291045,0.0651833108235099,0.15391060402062293
mask1_T2_glrlm_GrayLevelVariance,0.2620483439492209,0.058526643304143734,0.14084059067877477,0.15380519264404646
mask2_T2_glszm_SmallAreaLowGrayLevelEmphasis,0.23829754488823268,0.1983646233945041,0.020510174356677537,0.15239078087980476
mask2_T1C_glszm_ZoneVariance,0.22110516659758053,0.21842343624226557,0.015092776395478152,0.15154045974510807
mask1_T1C_glcm_DifferenceVariance,0.3320525069403337,0.07337306588394087,0.049170568958818016,0.15153204726103087
mask1_T1C_glrlm_GrayLevelNonUniformity,0.18413284333793456,0.13007168662780139,0.1401650872980012,0.15145653908791237
mask1_T2_shape_MinorAxisLength,0.35512789922583404,0.06850119387370684,0.02981637939788184,0.15114849083247425
mask1_T2_glszm_LowGrayLevelZoneEmphasis,0.1749600153843586,0.1427875121623343,0.13498292296608236,0.1509101501709251
mask2_T1C_glrlm_LongRunEmphasis,0.3460911493498734,0.056531993376101375,0.04977312483335879,0.15079875585311117
mask1_T2_glszm_ZonePercentage,0.39344449169573076,0.03946195730241458,0.01855263790419176,0.15048636230077903
mask2_T1C_glrlm_ShortRunEmphasis,0.3668004978762946,0.04812636360433318,0.03423632149856594,0.14972106099306456
mask1_T2_glszm_SizeZoneNonUniformity,0.23618589981533372,0.08279071028032317,0.12528934026586133,0.1480886501205061
mask2_T1C_glszm_SmallAreaLowGrayLevelEmphasis,0.23083866436422887,0.13449235297465628,0.07571632010348303,0.1470157791474561
mask1_T1C_glrlm_RunEntropy,0.28034895308935526,0.07646667588158289,0.08129042924250149,0.1460353527378132
mask2_T1C_glszm_HighGrayLevelZoneEmphasis,0.3511859152551551,0.05650944393401037,0.023976684698273007,0.1438906812958128
mask2_T2_glszm_GrayLevelNonUniformityNormalized,0.24269532845868594,0.17689885545319767,0.008719403328382445,0.14277119574675537
mask2_T2_glszm_LowGrayLevelZoneEmphasis,0.30093275342927645,0.08949147213707458,0.036822949151541266,0.1424157249059641
mask2_T2_glszm_ZoneEntropy,0.2914988149886946,0.07375304566533053,0.06088511434057804,0.1420456583315344
mask2_T2_ngtdm_Busyness,0.17245383431482927,0.026102930614390996,0.21838565322416745,0.13898080605112925
mask1_T2_glcm_ClusterProminence,0.2893353778559325,0.06987389116099813,0.057184407747782835,0.1387978922549045
mask2_T2_glrlm_LongRunEmphasis,0.2578995065640776,0.041443272704605016,0.11353553070539045,0.13762610332469102
mask2_T2_glszm_SmallAreaHighGrayLevelEmphasis,0.21445024861896833,0.15702596709190794,0.03969458210834654,0.1370569326064076
mask1_T2_shape_Maximum2DDiameterRow,0.2770624883326363,0.10280095509896547,0.026927366120504864,0.1355969365173689
mask1_T1C_ngtdm_Strength,0.25353083425748435,0.1123966099949318,0.039566610636959945,0.13516468496312536
mask2_T2_glszm_ZonePercentage,0.23637197478053573,0.05587534928597951,0.11103066593296089,0.13442599666649205
mask1_T1C_glcm_ClusterTendency,0.1747122749117715,0.1255829383115563,0.1015586763948936,0.13395129653940716
mask1_T1C_glrlm_LongRunHighGrayLevelEmphasis,0.29606141948840237,0.062339233589995845,0.04053106120486895,0.13297723809442238
mask2_T2_glrlm_RunVariance,0.22848053142029431,0.0677561949984687,0.10153982162961653,0.13259218268279319
mask2_T1C_glcm_Idmn,0.31135657531715955,0.055709047150558175,0.030182365157577166,0.1324159958750983
mask2_T1C_glrlm_RunLengthNonUniformityNormalized,0.2997106229178807,0.059433391062073314,0.03721993025984231,0.13212131474659877
mask1_T2_glszm_LargeAreaLowGrayLevelEmphasis,0.26282302107224803,0.08299398049148028,0.04987279041793767,0.131896597327222
mask2_T2_glszm_SizeZoneNonUniformityNormalized,0.30363013374308107,0.07634753243515004,0.009445713818699731,0.12980779333231027
mask1_T1C_firstorder_Maximum,0.18389900205368387,0.1351574531055623,0.06796861924857588,0.1290083581359407
mask1_T2_glrlm_LongRunHighGrayLevelEmphasis,0.18516934097879362,0.09832608336246874,0.10310568407989812,0.12886703614038683
mask1_T2_shape_Elongation,0.2916743868563971,0.07460417869348748,0.01892823808138329,0.12840226787708928
mask2_T2_glcm_MCC,0.30720736951979555,0.06767878970206007,0.008048526487664234,0.12764489523650663
mask1_T1C_glcm_Imc1,0.2756657103332923,0.05411020497768093,0.050284516561331656,0.12668681062410161
mask2_T1C_glcm_Idn,0.27468767636269803,0.057751506232264674,0.04744951431301032,0.126629565635991
mask2_T1C_glcm_Idm,0.2326626330797884,0.08938707255662433,0.05737226207661515,0.12647398923767597
mask1_T2_glrlm_RunVariance,0.325972104375898,0.010617751723053837,0.04009155212060108,0.12556046940651763
mask1_T2_glcm_InverseVariance,0.2343589771036025,0.13565831090585337,0.001965384041894438,0.12399422401711678
mask1_T1C_glrlm_RunVariance,0.09540897886092876,0.08418097011385844,0.19102338116571144,0.12353777671349954
mask1_T2_firstorder_RobustMeanAbsoluteDeviation,0.3012050100605675,0.01621662641916486,0.053009872638043146,0.12347716970592516
mask1_T2_glszm_SmallAreaEmphasis,0.16012233375638016,0.07858545615190518,0.11959680997666539,0.11943486662831691
mask2_T2_glcm_JointAverage,0.16130717425261043,0.0995892857626834,0.09528495712602322,0.11872713904710568
mask1_T1C_glcm_Idm,0.2229044985831637,0.08563605959340538,0.04637256831839695,0.118304375498322
mask2_T1C_glcm_Id,0.2156599200988916,0.08167722316629941,0.05566191053920784,0.11766635126813295
mask2_T2_glcm_SumAverage,0.16130717425261043,0.09455403870806872,0.09528495712602322,0.11704872336223411
mask2_T2_glszm_GrayLevelVariance,0.16308712105696693,0.16382429865001474,0.02149972287787474,0.11613704752828546
mask1_T2_glszm_LargeAreaHighGrayLevelEmphasis,0.2675711780616445,0.06464209536354197,0.015450559313308066,0.11588794424616485
mask1_T1C_glcm_SumSquares,0.12091376171230177,0.12377518856699922,0.09888547033058952,0.11452480686996351
mask1_T1C_glszm_SizeZoneNonUniformityNormalized,0.1612996318496868,0.07702423251943943,0.10435822278618063,0.11422736238510228
mask1_T2_glszm_ZoneEntropy,0.17212503645522673,0.11162168974461129,0.05274063062332521,0.11216245227438774
mask1_T1C_firstorder_10Percentile,0.14953944486829346,0.1369423281756905,0.047463653309655254,0.11131514211787973
mask1_T1C_glszm_SmallAreaEmphasis,0.16284310489701365,0.05646738055164826,0.10745813997458564,0.10892287514108252
mask2_T2_ngtdm_Strength,0.3172983008232212,0.006992386853024793,0,0.10809689589208199
mask1_T1C_glszm_SmallAreaHighGrayLevelEmphasis,0.21046690870188536,0.05458526101250248,0.05751849030284603,0.10752355333907797
mask1_T2_firstorder_MeanAbsoluteDeviation,0.22404473440704153,0.02260603251781325,0.07228889993209026,0.10631322228564834
mask1_T1C_ngtdm_Complexity,0.2422265942407538,0.054098713435076856,0.0189339286913917,0.10508641212240745
mask1_T2_glszm_LargeAreaEmphasis,0.20868176393601123,0.04264641553309645,0.06233858056383373,0.10455558667764714
mask2_T2_glrlm_RunEntropy,0.18537555134647202,0.0613292787701881,0.0610816817760136,0.10259550396422457
mask1_T2_glcm_Imc2,0.21710499359120156,0.05983776326880182,0.03044452935193775,0.1024624287373137
mask1_T1C_glrlm_ShortRunHighGrayLevelEmphasis,0.19511137345931448,0.0547749798762491,0.054960509625057365,0.10161562098687366
mask2_T1C_glcm_Contrast,0.23586699549846502,0.04208246265926221,0.025630424768868027,0.10119329430886508
mask1_T2_glrlm_ShortRunLowGrayLevelEmphasis,0.07177473202984497,0.1106648562066526,0.1186753760198404,0.10037165475211267
mask1_T2_shape_Maximum3DDiameter,0.25624922746469175,0.03535026167651851,0.008953984310706282,0.10018449115063884
mask1_T1C_glrlm_HighGrayLevelRunEmphasis,0.202453346738001,0.03990318917409959,0.0580050228981999,0.1001205196034335
mask1_T1C_glrlm_GrayLevelVariance,0.1626451804551048,0.058347765518325496,0.07881442449446494,0.09993579015596506
mask2_T1C_glszm_SmallAreaHighGrayLevelEmphasis,0.23648141330537356,0.04010342388343673,0.022752032018715805,0.09977895640250868
mask1_T2_glszm_ZoneVariance,0.19634203103902448,0.038799133797873524,0.06213527989908884,0.09909214824532896
mask2_T1C_glszm_ZonePercentage,0.22452285308900227,0.04690728439128703,0.022475770297266585,0.09796863592585198
mask2_T1C_glcm_DifferenceVariance,0.2337866118771158,0.039840094100556424,0.01915905914022421,0.09759525503929882
mask1_T1C_glcm_Id,0.17348137618951698,0.07017657405675848,0.048918741166417555,0.097525563804231
mask1_T1C_firstorder_Minimum,0.18028786565423702,0.05655291665650316,0.04761804032593557,0.09481960754555858
mask2_T1C_glrlm_RunVariance,0.16434613967928713,0.05676702794558863,0.05846788179709238,0.09319368314065606
mask2_T1C_glcm_InverseVariance,0.07774342531048095,0.12147579593839014,0.07338610124826575,0.09086844083237895
mask1_T2_firstorder_Variance,0.12519506673529496,0.043818444467933454,0.10308942670991335,0.09070097930438059
mask2_T1C_glcm_DifferenceEntropy,0.20808117163499476,0.036522399022134784,0.02442392399418568,0.0896758315504384
mask1_T1C_glcm_ClusterShade,0.18996993977324297,0.0523821371558974,0.026511410005667018,0.08962116231160246
mask1_T2_ngtdm_Busyness,0.10477770163999639,0.06881038141622423,0.08273295238617585,0.0854403451474655
mask1_T1C_firstorder_Energy,0.1298295250148985,0.05968154333585388,0.06414126590917232,0.08455077808664158
mask2_T1C_ngtdm_Contrast,0.12861077049912764,0.0960933633631192,0.028766513841677156,0.08449021590130801
mask1_T2_shape_SurfaceArea,0.14246256762700338,0.025029663899481535,0.08310381554861858,0.08353201569170116
mask1_T1C_glrlm_ShortRunLowGrayLevelEmphasis,0.16301656676745063,0.007925261608761764,0.06889427801232538,0.07994536879617925
mask2_T1C_firstorder_Range,0.12041512581883564,0.07294527694888701,0.03722179800059245,0.07686073358943836
mask1_T2_glszm_GrayLevelNonUniformityNormalized,0.02849657811695862,0.16348822523423504,0.0354640064924181,0.0758162699478706
mask1_T2_shape_VoxelVolume,0.12839953632843598,0.04005593996211044,0.056263909693903644,0.0749064619948167
mask1_T2_firstorder_90Percentile,0.14135054548084705,0.029787162537571108,0.047078741683057666,0.07273881656715861
mask1_T2_shape_Maximum2DDiameterSlice,0.16676684911355308,0.03793401577918894,0.013155238700437657,0.07261870119772657
mask2_T2_glszm_SmallAreaEmphasis,0.11785965119414167,0.07575214043532348,0.018314378965954375,0.07064205686513984
mask2_T1C_glcm_DifferenceAverage,0.09554740807835431,0.05955014947136194,0.04345221131746098,0.06618325628905908
mask1_T2_glrlm_GrayLevelNonUniformity,0.1412801720482393,0.027196903788143666,0.02490609538305714,0.0644610570731467
mask1_T1C_glcm_ClusterProminence,0.12951137091927956,0.028605268221819302,0.025783053726516913,0.06129989762253859
mask2_T2_glrlm_HighGrayLevelRunEmphasis,0,0.08425056983415863,0.09834175842696494,0.06086410942037452
mask1_T2_shape_MajorAxisLength,0.14263430130920385,0.02102822203611706,0.013955991262864982,0.05920617153606197
mask2_T2_glcm_Imc2,0.13158407816962467,0.03282190548206208,0.011709879033998654,0.05870528756189513
mask1_T2_shape_MeshVolume,0.06886357885022608,0.029506595440784676,0.06426327916152103,0.05421115115084393
mask1_T1C_glcm_SumAverage,0.09314682064975693,0.013131580873086218,0.05325764122050808,0.05317868091445041
mask1_T1C_glszm_HighGrayLevelZoneEmphasis,0.08275516449796579,0.052802337336401356,0.020200027201144985,0.051919176345170716
mask1_T1C_glcm_JointAverage,0.09314682064975693,0.008500380792862233,0.05325764122050808,0.051634947554375754
mask1_T2_firstorder_InterquartileRange,0.036722640249894044,0.015754254445519516,0.052565050158214284,0.035013981617875944
mask1_T1C_glcm_Autocorrelation,0.017039031727479708,0.027075592126125095,0.044680318063348164,0.029598313972317658
mask1_T1C_glrlm_LowGrayLevelRunEmphasis,0.024516366354551684,0,0.058640210430269374,0.027718858928273683
mask2_T2_glcm_Correlation,0.0018129431425467973,0.02424498667902549,0.009277918355159093,0.01177861605891046
