,MI_mean,MI_std,RF_mean,RF_std,F_mean,F_std
mask2_T1C_firstorder_Skewness,0.32790473,0.046412219,0.010618759,0.008202782,36.81772531,8.882844997
mask2_T2_glrlm_GrayLevelNonUniformity,0.305605646,0.044921099,0.003879741,0.00554413,19.49171867,5.504020752
mask2_T1C_ngtdm_Busyness,0.298729434,0.04431419,0.006101037,0.006831806,26.87863745,6.567453105
mask2_T2_shape_VoxelVolume,0.291398173,0.044315707,0.003357483,0.00468417,17.41330989,5.765792552
mask2_T1C_firstorder_RootMeanSquared,0.289244597,0.044083027,0.004158434,0.004406541,19.01858977,7.084671437
mask2_T2_shape_SurfaceArea,0.288548119,0.045052952,0.006815918,0.008144233,29.61190444,7.259967908
mask1_T2_shape_Sphericity,0.287284892,0.043199711,0.005563511,0.006967264,22.60593665,6.901155629
mask2_T1C_glcm_ClusterShade,0.285744473,0.043819013,0.006994019,0.006255189,26.33898778,9.641664166
mask2_T1C_ngtdm_Coarseness,0.283350165,0.043693713,0.00525963,0.006757456,1.029512753,1.637535821
mask2_T2_shape_MeshVolume,0.282466273,0.044928166,0.003640042,0.00522081,17.39499481,5.761334653
mask2_T2_glszm_LargeAreaLowGrayLevelEmphasis,0.281775954,0.045619803,0.001934829,0.002792681,2.273391106,1.506614524
mask2_T2_firstorder_10Percentile,0.281576844,0.043925822,0.005615599,0.006113797,6.432109451,3.361823224
mask2_T2_shape_Maximum2DDiameterSlice,0.28065854,0.044424785,0.005545956,0.006699327,18.72389347,6.889820494
mask1_T2_firstorder_Uniformity,0.27766705,0.047435085,0.002719977,0.003944775,10.44186684,3.807954145
mask2_T1C_glrlm_ShortRunHighGrayLevelEmphasis,0.277291296,0.043652907,0.003348144,0.004061293,15.92752325,5.746674884
mask2_T2_glrlm_GrayLevelVariance,0.276711927,0.045087349,0.00271438,0.003616069,12.00099435,5.282869577
mask2_T1C_glcm_JointAverage,0.27586499,0.044078326,0.003867205,0.004342469,19.56156579,6.164738504
mask2_T1C_firstorder_Mean,0.275476833,0.044694266,0.00425857,0.004682807,20.48481019,7.422718379
mask2_T2_ngtdm_Contrast,0.275178521,0.042881274,0.004449563,0.005586624,5.831086517,7.700492979
mask2_T2_glcm_Idm,0.274959767,0.045542047,0.002514328,0.003913592,15.43956736,5.653263099
mask2_T1C_firstorder_Uniformity,0.274642526,0.044583146,0.00473529,0.00484779,13.23438512,4.542251126
mask2_T2_shape_Sphericity,0.274151654,0.043547413,0.008660085,0.007505454,39.77435391,10.02964915
mask2_T1C_glszm_GrayLevelNonUniformity,0.273882795,0.042332365,0.006530661,0.007562936,28.18690581,6.709892826
mask1_T2_glrlm_ShortRunHighGrayLevelEmphasis,0.272581918,0.043261637,0.003987592,0.004645501,19.10921426,6.569409373
mask1_T2_glcm_DifferenceEntropy,0.271952601,0.04268138,0.004539093,0.006065425,21.76227613,6.602725109
mask2_T1C_ngtdm_Strength,0.271663182,0.04179609,0.006277781,0.007797823,1.094268456,1.469539157
mask2_T1C_glrlm_RunLengthNonUniformity,0.271254126,0.044878043,0.004046827,0.006110911,23.59212896,6.27534541
mask2_T1C_glrlm_HighGrayLevelRunEmphasis,0.270612905,0.043404239,0.003361381,0.003772433,18.10198834,6.263255917
mask2_T2_ngtdm_Coarseness,0.270263656,0.047501573,0.001966558,0.003053975,0.862381413,1.226905967
mask1_T2_firstorder_Skewness,0.267386242,0.044422653,0.006037833,0.006781316,20.19273902,6.051905427
mask1_T2_glcm_JointAverage,0.266351507,0.043117032,0.004077261,0.004667113,17.37382715,6.223456339
mask1_T2_glcm_SumAverage,0.266351507,0.043117032,0.004221739,0.004823372,17.37382715,6.223456339
mask2_T1C_glszm_SizeZoneNonUniformity,0.266280565,0.043651979,0.003500589,0.004935038,19.36041401,5.325767808
mask1_T2_glrlm_RunLengthNonUniformityNormalized,0.265581631,0.04575093,0.002468112,0.003544047,8.749579892,3.846119703
mask1_T1C_firstorder_Uniformity,0.265069732,0.04248232,0.003366116,0.004410826,14.34566102,5.781381207
mask1_T2_firstorder_Minimum,0.265015061,0.042477763,0.003316605,0.004361893,13.97351186,4.986324403
mask2_T2_glcm_Idmn,0.264803083,0.042293343,0.00203575,0.003234619,4.656956925,5.15835651
mask2_T2_firstorder_Energy,0.264776378,0.042394187,0.00541154,0.00690987,18.61509344,7.81388086
mask1_T2_glcm_Autocorrelation,0.264621136,0.042661964,0.004187804,0.004640896,18.98546834,6.69066823
mask1_T2_firstorder_Maximum,0.264321823,0.043436512,0.002869622,0.003807349,13.55114474,4.65659833
mask2_T1C_firstorder_Median,0.264274787,0.043429609,0.005205835,0.005352862,24.94220539,8.567922122
mask2_T2_firstorder_MeanAbsoluteDeviation,0.26404929,0.045429415,0.003746111,0.004334297,9.302496167,3.446380211
mask2_T2_firstorder_Maximum,0.263761,0.042937709,0.005210777,0.006030943,18.9280629,5.860412544
mask2_T1C_glrlm_ShortRunLowGrayLevelEmphasis,0.26298176,0.042872748,0.001943906,0.002489766,3.829019417,3.91256049
mask2_T1C_firstorder_90Percentile,0.26279889,0.042888854,0.002855764,0.003276942,11.38206135,5.039977356
mask2_T1C_glrlm_GrayLevelVariance,0.262142602,0.043799917,0.002881888,0.003495005,11.43757242,4.946230781
mask2_T2_firstorder_RobustMeanAbsoluteDeviation,0.261751214,0.043026807,0.003381325,0.003756128,8.827099371,3.72359943
mask2_T2_glcm_InverseVariance,0.261622354,0.045587892,0.001933373,0.002864266,4.310788291,3.12923483
mask1_T2_glcm_Idmn,0.261377336,0.042710948,0.00366004,0.005164083,16.07930484,5.73039365
mask2_T2_shape_MinorAxisLength,0.26063092,0.04329012,0.004230168,0.006030837,21.39641738,6.86320478
mask1_T2_glcm_Id,0.259546865,0.043119129,0.004144569,0.005762175,20.82380031,6.20987488
mask1_T1C_glszm_LowGrayLevelZoneEmphasis,0.259508675,0.042949583,0.002001083,0.002516916,8.786913525,4.192215074
mask2_T1C_glcm_Imc2,0.259107244,0.046281013,0.003591502,0.004309821,9.626546194,4.273966138
mask2_T2_firstorder_Range,0.258665371,0.042443298,0.00415218,0.004903592,19.78894727,5.61807216
mask1_T2_glrlm_LowGrayLevelRunEmphasis,0.257954301,0.045762121,0.003052372,0.00361363,7.100089555,3.643712241
mask1_T2_glrlm_ShortRunEmphasis,0.257654494,0.044641403,0.002360736,0.003350285,9.298326246,3.83044006
mask2_T1C_glrlm_LongRunHighGrayLevelEmphasis,0.257624206,0.044205938,0.005159024,0.005065125,18.5034303,8.383139275
mask2_T2_shape_Maximum3DDiameter,0.25752496,0.046626429,0.005694265,0.006883649,15.96840356,6.295063219
mask1_T1C_glrlm_RunLengthNonUniformityNormalized,0.257027113,0.045295741,0.001885489,0.002690537,3.528978054,2.668094408
mask2_T1C_glszm_GrayLevelVariance,0.256984086,0.042411862,0.00421279,0.005627008,13.42930283,5.994347484
mask1_T1C_firstorder_Range,0.256959311,0.043946006,0.002405796,0.00287155,2.250299761,2.187528113
mask2_T2_glrlm_RunLengthNonUniformityNormalized,0.256805262,0.044205369,0.001818428,0.002782086,13.07135581,4.805032526
mask2_T1C_firstorder_Kurtosis,0.256070123,0.045177803,0.00653953,0.006178199,18.21368812,6.595730153
mask1_T1C_glrlm_ShortRunEmphasis,0.255398982,0.046318093,0.001887622,0.00293345,4.15237518,2.963498983
mask2_T2_glcm_Contrast,0.255311213,0.043491003,0.002264946,0.003483171,4.090256069,5.058713996
mask2_T1C_glcm_Autocorrelation,0.255241388,0.045385893,0.004096388,0.004187558,21.09492348,6.914711639
mask2_T2_firstorder_Minimum,0.255041247,0.044269486,0.004210052,0.004661503,12.52237246,4.837206468
mask2_T2_glcm_Id,0.254815709,0.043676165,0.002717514,0.004062463,14.98048583,5.564091054
mask1_T1C_glcm_DifferenceAverage,0.252735657,0.043472157,0.002354862,0.00319844,1.816220614,1.727250242
mask2_T2_firstorder_Median,0.252710472,0.043764152,0.003351346,0.003835789,3.151909808,2.376597952
mask2_T2_shape_MajorAxisLength,0.25267527,0.044488839,0.008510693,0.009055766,24.23274721,7.718102463
mask1_T2_glcm_JointEntropy,0.25180884,0.046232147,0.003834113,0.00524841,21.75979027,5.913792748
mask2_T1C_firstorder_RobustMeanAbsoluteDeviation,0.251689894,0.044537301,0.002075654,0.002638653,5.060176968,3.396769969
mask1_T2_glrlm_GrayLevelNonUniformityNormalized,0.251390282,0.044609652,0.00322416,0.004627574,18.04389892,4.995047108
mask2_T2_glrlm_RunLengthNonUniformity,0.251123547,0.044845406,0.00216764,0.0032872,13.3824763,5.166933813
mask2_T2_glcm_SumEntropy,0.250816859,0.048107974,0.00326151,0.004106993,13.14350726,3.94843978
mask1_T2_glcm_SumEntropy,0.250495808,0.045439419,0.003288016,0.004567283,17.19404064,4.866131364
mask1_T2_glszm_SmallAreaLowGrayLevelEmphasis,0.250355826,0.043096126,0.002534315,0.003125737,6.842461287,3.243676094
mask2_T2_glcm_ClusterShade,0.249986175,0.044313362,0.00237671,0.002616706,1.57386827,1.309212623
mask2_T2_glcm_SumSquares,0.249736504,0.045922656,0.002346314,0.003190592,13.30772314,5.549945407
mask1_T1C_glcm_MaximumProbability,0.249568012,0.042552391,0.002407492,0.003191754,10.47720497,5.043201332
mask2_T2_glcm_DifferenceEntropy,0.249282933,0.044202378,0.002512576,0.004030217,15.67067545,5.423471194
mask1_T2_glrlm_HighGrayLevelRunEmphasis,0.24903405,0.044720538,0.003314284,0.003981155,16.94548466,6.195288342
mask2_T2_firstorder_InterquartileRange,0.248982572,0.045340883,0.003774453,0.004270733,9.405900826,4.120801069
mask1_T2_glrlm_RunPercentage,0.248697978,0.042413969,0.001926425,0.002949413,8.305083079,3.529320895
mask1_T1C_firstorder_Kurtosis,0.248632979,0.044451197,0.00622655,0.006528071,20.1249538,6.887687635
mask2_T2_glszm_ZoneVariance,0.24862366,0.045666506,0.002396868,0.003620401,6.208330299,1.853667017
mask2_T2_shape_Maximum2DDiameterRow,0.247908534,0.046288858,0.003672873,0.004976829,16.9364231,6.063693798
mask2_T1C_glcm_MCC,0.247586288,0.044110544,0.003262114,0.00379429,5.426751165,3.684078824
mask1_T2_glcm_MCC,0.247531528,0.046824488,0.003025049,0.003469988,5.621723846,3.21846748
mask2_T1C_glszm_GrayLevelNonUniformityNormalized,0.247301263,0.043893004,0.002565281,0.003117465,10.23133,3.950708936
mask1_T2_glcm_Contrast,0.247280335,0.043377424,0.003539564,0.004990471,15.53291257,5.596040101
mask1_T1C_glszm_GrayLevelVariance,0.24663413,0.043323214,0.004498265,0.004999332,19.65088758,6.700190382
mask2_T1C_glrlm_RunEntropy,0.246418748,0.041790006,0.005241793,0.005041559,22.2425589,6.534435413
mask1_T1C_firstorder_90Percentile,0.246065825,0.044501831,0.008893352,0.00837418,18.10512765,6.512734062
mask1_T2_glrlm_LongRunLowGrayLevelEmphasis,0.245887278,0.043088182,0.004364627,0.005321306,2.894224197,2.37073315
mask2_T2_glcm_Idn,0.245830144,0.043657826,0.002604453,0.004673276,10.03941843,6.124856374
mask1_T2_firstorder_Median,0.245659274,0.045147905,0.002557309,0.003125844,9.284635096,3.65010987
mask2_T2_glrlm_RunPercentage,0.245655073,0.044578718,0.00187347,0.002963612,13.50828298,4.435034182
mask2_T1C_firstorder_Minimum,0.245518662,0.042703348,0.002888226,0.003402628,13.03544373,4.22516172
mask2_T2_firstorder_Entropy,0.245517336,0.043714935,0.00333887,0.004415586,16.58978578,4.724504585
mask1_T2_glcm_Correlation,0.244884822,0.043143117,0.002171456,0.002855584,1.736367756,1.500096439
mask2_T2_shape_LeastAxisLength,0.244690819,0.043504702,0.002567723,0.003837586,17.63639889,5.838442917
mask1_T2_firstorder_Kurtosis,0.244579537,0.043844786,0.002754737,0.003684419,12.71570174,3.806038556
mask2_T2_firstorder_Uniformity,0.243722207,0.045621131,0.003901568,0.004908806,8.566062712,3.81406227
mask2_T1C_firstorder_Entropy,0.243596616,0.046106327,0.003542519,0.004040882,13.55410354,4.585942254
mask1_T1C_glcm_MCC,0.243587536,0.044946857,0.002028299,0.002543563,3.562232767,2.634916495
mask2_T2_glcm_DifferenceAverage,0.24356658,0.043500038,0.002476472,0.003673138,8.524691622,6.225674415
mask1_T2_glszm_HighGrayLevelZoneEmphasis,0.243439123,0.04427849,0.002445238,0.002956491,6.949910427,2.873780671
mask1_T1C_glcm_DifferenceEntropy,0.24342141,0.043464228,0.002326784,0.00299436,3.274618246,2.536070447
mask2_T2_glcm_Autocorrelation,0.243417536,0.04511625,0.002290316,0.002859192,4.468186714,2.756540238
mask1_T1C_glcm_Idmn,0.243282664,0.041542026,0.002145859,0.003077557,1.650044287,1.548258478
mask1_T1C_glcm_Correlation,0.243026643,0.043344843,0.001832898,0.002367338,2.64952368,2.172553223
mask2_T2_firstorder_90Percentile,0.242709583,0.043887612,0.002676965,0.00337893,5.477148084,3.13601252
mask2_T1C_firstorder_MeanAbsoluteDeviation,0.242479216,0.044360358,0.002056035,0.002519957,3.776324179,2.666783936
mask1_T1C_firstorder_Entropy,0.242459484,0.044267637,0.00343129,0.004331002,11.90257422,5.187790839
mask1_T1C_firstorder_MeanAbsoluteDeviation,0.242390041,0.041807445,0.005206902,0.006188167,13.9093798,5.074778953
mask2_T2_ngtdm_Complexity,0.241346506,0.042420176,0.003901356,0.005081285,14.87941999,6.131107673
mask2_T2_firstorder_Variance,0.241004069,0.044351583,0.003372631,0.003776732,6.269564945,2.163764583
mask1_T2_glcm_Idm,0.240723832,0.044176921,0.004762708,0.006517872,21.2946804,6.385974251
mask1_T1C_glcm_SumEntropy,0.239930872,0.044054157,0.002913409,0.003935469,11.64060028,5.113158126
mask2_T2_glcm_JointEntropy,0.239133825,0.04528349,0.004779283,0.006311116,17.19088722,4.837084482
mask1_T1C_glszm_ZonePercentage,0.239006398,0.046450339,0.002493496,0.003265432,7.819575808,3.32553265
mask1_T1C_glcm_Contrast,0.238798369,0.042850317,0.002369664,0.003173941,1.643717206,1.529633728
mask2_T1C_firstorder_InterquartileRange,0.238726977,0.043955939,0.002196741,0.002785239,5.79216837,3.743074899
mask2_T2_glrlm_GrayLevelNonUniformityNormalized,0.23830784,0.043367685,0.003722396,0.004776975,9.378647806,5.483513668
mask1_T2_shape_SurfaceVolumeRatio,0.238007357,0.042959954,0.005004915,0.005893979,10.84780504,3.704043824
mask1_T2_glrlm_LongRunEmphasis,0.237915309,0.043709056,0.0017077,0.002514672,2.739175419,1.743722248
mask1_T2_glcm_DifferenceVariance,0.237882488,0.044198327,0.002781255,0.004454314,11.46914225,4.771077747
mask1_T1C_firstorder_Median,0.237640769,0.044559418,0.003987589,0.0046616,8.997173567,4.484436071
mask2_T1C_glrlm_LongRunLowGrayLevelEmphasis,0.237371554,0.044653049,0.002318556,0.003027497,4.660886466,2.376668489
mask1_T2_glszm_ZonePercentage,0.237352487,0.045472008,0.001758588,0.002440506,1.386973789,1.194038769
mask1_T2_glcm_ClusterTendency,0.23662058,0.044959766,0.002047555,0.003052014,8.353836768,4.152340111
mask1_T1C_glcm_Idn,0.236549302,0.043187193,0.00244525,0.003485837,1.876111219,1.760493365
mask2_T2_glrlm_ShortRunEmphasis,0.236527842,0.044547512,0.001591806,0.002504383,12.03285921,4.153103283
mask2_T2_glszm_HighGrayLevelZoneEmphasis,0.236333426,0.045820066,0.00291056,0.002995605,2.415917834,1.948148189
mask2_T2_glszm_GrayLevelNonUniformity,0.235880926,0.044357301,0.002017501,0.002722845,8.298046824,3.530690337
mask1_T2_shape_Maximum2DDiameterColumn,0.235419204,0.0459659,0.002409692,0.002832916,2.157544256,1.821049898
mask2_T1C_glrlm_LowGrayLevelRunEmphasis,0.235381156,0.043665889,0.002024607,0.002604625,4.225411542,3.855778584
mask2_T2_glszm_SizeZoneNonUniformity,0.235328117,0.044773239,0.001987105,0.002660888,7.110149381,2.947921812
mask2_T2_glcm_Imc1,0.235315372,0.045627836,0.002006081,0.002792315,4.662712088,2.768957487
mask2_T2_glcm_ClusterTendency,0.235015971,0.045205912,0.002333435,0.003263791,14.06956272,5.61024779
mask2_T1C_glcm_ClusterProminence,0.234919236,0.04638147,0.00217425,0.00254097,4.724696887,2.924259361
mask1_T2_ngtdm_Coarseness,0.234823126,0.043053067,0.00242817,0.002951347,1.373159723,1.2995968
mask1_T1C_glszm_GrayLevelNonUniformity,0.234697908,0.044379529,0.001969184,0.002570738,11.9737438,4.712450423
mask2_T1C_glrlm_RunPercentage,0.234552151,0.045034463,0.00201321,0.002719501,2.579964216,2.013503834
mask2_T2_glcm_JointEnergy,0.234162213,0.043943065,0.004872211,0.00623499,4.283519513,2.006367748
mask2_T2_glrlm_ShortRunHighGrayLevelEmphasis,0.233405041,0.043782943,0.002101706,0.002517873,5.298451544,3.05854356
mask2_T2_glcm_DifferenceVariance,0.233402781,0.044942215,0.002405897,0.003467147,7.109684503,3.783792347
mask2_T1C_glrlm_ShortRunEmphasis,0.233374824,0.045147983,0.00183851,0.002629919,2.000410176,1.72696505
mask2_T2_shape_Maximum2DDiameterColumn,0.233277901,0.04311496,0.004978836,0.005868373,20.19865385,6.842989492
mask1_T1C_firstorder_RobustMeanAbsoluteDeviation,0.233218528,0.042931214,0.004673119,0.005263417,13.90175837,5.235476732
mask2_T2_glszm_LargeAreaEmphasis,0.233135827,0.045268767,0.002346125,0.003564947,6.201233444,1.859289068
mask1_T2_shape_Flatness,0.233042922,0.046465913,0.003325737,0.003627536,5.475689244,3.11523058
mask1_T2_glcm_Idn,0.23303877,0.043431986,0.004332958,0.005813592,21.11898504,6.666855702
mask2_T2_glrlm_LongRunLowGrayLevelEmphasis,0.232921956,0.046633798,0.002785773,0.002978955,1.569051378,1.065145708
mask1_T1C_glrlm_LongRunEmphasis,0.232600422,0.044927433,0.002060248,0.003014174,7.737064148,4.219175404
mask2_T1C_glszm_SmallAreaEmphasis,0.232453109,0.044120225,0.003025339,0.003394729,4.551094545,3.488907708
mask1_T1C_glrlm_LongRunLowGrayLevelEmphasis,0.232443253,0.045560533,0.001726544,0.002288129,3.210840698,2.528512789
mask1_T2_glcm_JointEnergy,0.232351912,0.041403565,0.003196325,0.004346352,6.065707317,3.048400685
mask2_T1C_glrlm_GrayLevelNonUniformityNormalized,0.232153964,0.043534809,0.003979662,0.00423601,13.96673386,4.513746387
mask2_T2_shape_SurfaceVolumeRatio,0.231986661,0.043135366,0.003774207,0.004170909,6.550359384,3.264013101
mask2_T1C_glrlm_GrayLevelNonUniformity,0.231927526,0.045408425,0.002068564,0.003077305,15.16824324,5.154298524
mask1_T1C_glrlm_GrayLevelNonUniformityNormalized,0.231927401,0.045692193,0.003181652,0.004415922,13.67653694,5.595934957
mask1_T2_shape_MinorAxisLength,0.23163223,0.047826714,0.002026451,0.002469304,1.827532848,1.750643932
mask2_T2_firstorder_Skewness,0.231611157,0.041974358,0.002297286,0.002570083,3.448262601,2.068481205
mask1_T2_glcm_MaximumProbability,0.231545529,0.042974163,0.001823681,0.002411157,7.129669881,2.025433589
mask1_T1C_firstorder_Mean,0.231351205,0.044257235,0.003818394,0.004118312,9.522193191,4.716959689
mask2_T2_glrlm_LongRunHighGrayLevelEmphasis,0.231242618,0.044641591,0.002907538,0.003328802,4.626875583,2.750348848
mask2_T1C_glszm_HighGrayLevelZoneEmphasis,0.231043734,0.044196768,0.001915837,0.002452482,1.599124694,1.612042335
mask2_T1C_firstorder_10Percentile,0.23103419,0.045018861,0.005167075,0.005189415,23.48869416,8.107660323
mask2_T1C_glszm_ZoneEntropy,0.230653913,0.042772112,0.002883909,0.003390035,2.716251348,2.500958012
mask2_T1C_glcm_SumEntropy,0.230475348,0.043170907,0.004035634,0.004168776,10.0188896,4.916940283
mask2_T1C_glrlm_LongRunEmphasis,0.23028314,0.045022996,0.001916045,0.002688852,2.608101631,1.901943426
mask1_T2_glcm_SumSquares,0.229904186,0.045175605,0.001966099,0.002997427,8.867143481,4.280765087
mask1_T1C_glrlm_RunLengthNonUniformity,0.229833057,0.043373253,0.003091115,0.003422288,2.913838204,2.527855737
mask1_T2_firstorder_Range,0.22978576,0.042713689,0.002623887,0.003834136,16.11187084,4.658388377
mask1_T1C_ngtdm_Contrast,0.229726219,0.044134712,0.002835632,0.003804678,2.830354747,2.079656495
mask1_T2_shape_LeastAxisLength,0.229465514,0.044364401,0.002449153,0.002818472,5.888840202,3.450306753
mask2_T2_glcm_ClusterProminence,0.229285651,0.046902468,0.002353275,0.003063303,8.013277032,4.24707935
mask1_T2_firstorder_Energy,0.228788038,0.045347545,0.0024004,0.003031749,4.775143779,3.117002174
mask1_T2_glrlm_RunEntropy,0.228716477,0.042292085,0.00192491,0.002557489,4.515966788,2.901950816
mask1_T2_glszm_GrayLevelVariance,0.228329699,0.042293314,0.003783529,0.003717594,5.24841023,3.147716531
mask1_T1C_glszm_LargeAreaHighGrayLevelEmphasis,0.228311027,0.042414959,0.003029075,0.003906777,3.531543382,2.504473904
mask1_T1C_glcm_DifferenceVariance,0.228187321,0.045260975,0.00207139,0.002804418,2.584533845,2.008652
mask1_T1C_glrlm_RunPercentage,0.227675966,0.043674132,0.001965879,0.002790312,4.067648675,2.900866002
mask2_T1C_glcm_JointEnergy,0.227462005,0.046040329,0.00416555,0.004534573,2.76574558,3.357590223
mask1_T1C_glszm_SmallAreaLowGrayLevelEmphasis,0.227457931,0.044183403,0.002571911,0.003034586,8.32262404,3.914576995
mask1_T2_glrlm_RunVariance,0.227279582,0.044324034,0.001492524,0.002213044,2.229425987,1.354409314
mask2_T2_glcm_MaximumProbability,0.227216219,0.04286544,0.002966572,0.004134422,6.526054443,2.08435877
mask1_T1C_glszm_SizeZoneNonUniformity,0.226926577,0.044275641,0.001850915,0.002406714,9.098725397,3.992767793
mask1_T2_firstorder_10Percentile,0.226639248,0.043610747,0.003245357,0.003533335,8.3112708,3.259984162
mask1_T1C_firstorder_RootMeanSquared,0.226534527,0.044489726,0.004516304,0.004682485,11.10431674,5.100247316
mask2_T1C_firstorder_Energy,0.226500527,0.042150838,0.00213415,0.003123307,8.834919739,3.898987823
mask2_T2_ngtdm_Strength,0.225984676,0.044845662,0.001459083,0.002222087,0.661323906,0.801886059
mask1_T2_firstorder_RootMeanSquared,0.225683595,0.046406728,0.002182377,0.002540609,5.350294885,2.90430346
mask2_T1C_glcm_SumSquares,0.225517912,0.043631113,0.002759278,0.003241322,6.983859212,3.572029593
mask2_T1C_firstorder_Maximum,0.225510097,0.043233303,0.002782783,0.00319801,3.583928946,2.396967917
mask2_T1C_glszm_LowGrayLevelZoneEmphasis,0.225500466,0.044788989,0.002376803,0.003206873,3.928887447,4.102301089
mask1_T2_firstorder_Entropy,0.225097789,0.045588296,0.003021339,0.004178445,16.58969875,4.876219412
mask2_T1C_glcm_Idmn,0.22509764,0.045311623,0.001908454,0.002653853,1.84184766,1.414107389
mask2_T1C_glszm_LargeAreaLowGrayLevelEmphasis,0.224616558,0.045371198,0.002713306,0.003666696,1.46707717,1.0492498
mask2_T1C_glszm_SizeZoneNonUniformityNormalized,0.224553747,0.044728974,0.00315127,0.003294413,4.693745462,3.88261707
mask2_T2_glcm_MCC,0.224478208,0.04676931,0.002018865,0.00245804,0.976126164,1.092867129
mask2_T2_glszm_SizeZoneNonUniformityNormalized,0.223944165,0.044909234,0.002098827,0.00249441,1.030774394,1.284454603
mask1_T2_firstorder_RobustMeanAbsoluteDeviation,0.22358212,0.044028218,0.001544169,0.002066854,2.734700645,1.685980768
mask2_T2_glszm_LowGrayLevelZoneEmphasis,0.223541475,0.042669892,0.002220069,0.00259511,2.101581021,2.010708455
mask2_T1C_glrlm_RunLengthNonUniformityNormalized,0.223359024,0.045422416,0.001942808,0.002770936,2.117108155,1.791325359
mask1_T2_glszm_SizeZoneNonUniformityNormalized,0.223270592,0.046224372,0.002107732,0.002468342,5.232042199,2.841708587
mask1_T2_glcm_DifferenceAverage,0.223193906,0.042503126,0.00410513,0.005769211,20.69704239,6.608305452
mask1_T1C_glrlm_LongRunHighGrayLevelEmphasis,0.222814237,0.044047723,0.001969612,0.00240413,2.246616519,1.750107213
mask2_T1C_firstorder_Variance,0.222789002,0.043700485,0.00265903,0.003114966,3.424973771,2.332926481
mask1_T1C_glcm_JointEnergy,0.22241148,0.043405895,0.002597391,0.003675752,10.94327723,5.102438498
mask1_T2_glszm_SmallAreaHighGrayLevelEmphasis,0.222404287,0.042879654,0.002572554,0.002996817,8.811580953,3.440625698
mask1_T2_shape_Elongation,0.2221593,0.04760179,0.002082746,0.002471798,1.40166465,1.337194039
mask2_T2_glszm_ZoneEntropy,0.222133089,0.045656436,0.002074895,0.002715189,3.04272521,2.703638234
mask1_T2_glcm_ClusterProminence,0.221810111,0.04426698,0.002039113,0.002501492,2.897979362,2.23319848
mask1_T1C_firstorder_Variance,0.221409725,0.042489044,0.004230834,0.004818844,9.208716739,3.691222575
mask2_T1C_glszm_LargeAreaEmphasis,0.221277123,0.044089387,0.003098058,0.003790867,1.249853131,1.067157749
mask1_T1C_glszm_GrayLevelNonUniformityNormalized,0.220615244,0.045780883,0.002595311,0.003034423,10.65604322,4.189891207
mask1_T1C_glrlm_RunEntropy,0.220468534,0.045801712,0.002099926,0.002523242,3.840838904,2.621645172
mask1_T2_shape_Maximum2DDiameterRow,0.2199779,0.04423214,0.002342838,0.002832974,1.714534785,1.59949757
mask1_T1C_glcm_Imc1,0.219769376,0.044574828,0.001893706,0.002379178,2.628103711,2.103000624
mask2_T1C_glcm_Idn,0.219623366,0.043922635,0.001927294,0.002768418,2.517218183,1.90686211
mask1_T1C_glcm_InverseVariance,0.219217422,0.044465012,0.00389974,0.003985708,7.257331885,3.832894834
mask2_T2_firstorder_Kurtosis,0.219100019,0.045488161,0.002758925,0.003495754,3.843384604,3.935334247
mask1_T1C_ngtdm_Coarseness,0.219042253,0.044799829,0.002801526,0.003559094,2.268912714,1.870402589
mask2_T2_firstorder_Mean,0.218571094,0.045789871,0.002744301,0.003592366,4.265897852,2.834053078
mask1_T2_glszm_LargeAreaHighGrayLevelEmphasis,0.218560949,0.047585533,0.001990854,0.002861556,1.265642096,1.384530134
mask2_T1C_ngtdm_Complexity,0.218411031,0.044164496,0.003078682,0.003544692,4.415469052,3.176891455
mask2_T2_glrlm_LowGrayLevelRunEmphasis,0.2181563,0.042308796,0.002950468,0.00342185,2.076918338,2.201685024
mask1_T2_glcm_Imc1,0.217896503,0.042129414,0.001929798,0.002572121,7.797275967,3.812768703
mask1_T2_glszm_LargeAreaLowGrayLevelEmphasis,0.2178521,0.044595782,0.002160135,0.002910726,2.611999854,1.525031923
mask1_T2_glrlm_GrayLevelVariance,0.217736449,0.043498953,0.001934444,0.002466355,6.170026155,3.458560713
mask1_T2_glcm_ClusterShade,0.217579866,0.045761547,0.006200377,0.00703049,10.0355498,4.915655056
mask2_T2_firstorder_RootMeanSquared,0.217550942,0.045759972,0.002482582,0.003105593,5.3289478,3.185366678
mask2_T1C_glcm_Imc1,0.217230178,0.044300156,0.002979626,0.003320637,5.519761823,4.174722738
mask2_T2_glrlm_LongRunEmphasis,0.217117072,0.043352363,0.001776864,0.002693822,5.102042525,2.405125551
mask2_T1C_glcm_Correlation,0.216925479,0.045384748,0.003362407,0.003798643,4.687754508,3.196639077
mask1_T2_glszm_GrayLevelNonUniformity,0.216904703,0.043938353,0.00273214,0.003448175,9.317523923,4.561876219
mask1_T2_shape_Maximum3DDiameter,0.216870703,0.044068223,0.001720661,0.002161596,1.011541363,1.010752692
mask2_T1C_glcm_JointEntropy,0.216630075,0.044799256,0.002524952,0.003100307,4.555305836,2.877886066
mask2_T1C_glszm_LargeAreaHighGrayLevelEmphasis,0.21654807,0.043685186,0.003982097,0.004515909,2.048618272,2.275744846
mask1_T1C_ngtdm_Strength,0.216464876,0.045048609,0.00243135,0.002744549,2.208893935,2.214786628
mask1_T1C_firstorder_Skewness,0.215991146,0.044063053,0.004454743,0.005278976,11.47395024,5.1410119
mask1_T2_firstorder_Mean,0.215495313,0.045009499,0.002464427,0.00294666,6.99970384,3.241228992
mask1_T1C_glcm_Imc2,0.214920722,0.043464013,0.002522592,0.003127219,5.362023064,3.234867005
mask2_T2_glszm_GrayLevelNonUniformityNormalized,0.214847251,0.042939777,0.00302633,0.003188354,1.00236619,1.003669352
mask1_T1C_ngtdm_Complexity,0.214777274,0.044091843,0.0018936,0.002456845,1.401887227,1.352196848
mask2_T2_glszm_SmallAreaLowGrayLevelEmphasis,0.214190709,0.043730357,0.003224334,0.003324643,1.463538971,1.497455363
mask1_T1C_firstorder_InterquartileRange,0.214136259,0.043612007,0.004606073,0.005284891,13.93891362,5.27897523
mask1_T1C_ngtdm_Busyness,0.214085254,0.042311687,0.002699304,0.003349817,7.520878298,3.886176672
mask2_T1C_glszm_SmallAreaHighGrayLevelEmphasis,0.21391958,0.043426905,0.001764505,0.002302735,1.551224817,1.471711562
mask2_T2_glszm_ZonePercentage,0.213903242,0.044614528,0.001909988,0.002967273,5.004069674,3.836076909
mask1_T2_glszm_SizeZoneNonUniformity,0.213875463,0.043446671,0.00215826,0.002866829,5.561769631,3.41178016
mask2_T1C_glcm_Contrast,0.213827854,0.045305558,0.00178276,0.002451026,1.663807479,1.246036147
mask2_T2_glrlm_ShortRunLowGrayLevelEmphasis,0.213616586,0.043895969,0.003376991,0.003664793,2.617586565,2.942332244
mask1_T2_glcm_InverseVariance,0.213602723,0.044073282,0.00264592,0.003677266,0.738196031,0.943475001
mask2_T1C_glcm_DifferenceVariance,0.213517275,0.044449605,0.001762076,0.002310713,1.410692761,1.369235145
mask2_T1C_glcm_Idm,0.213349477,0.045042108,0.002219106,0.002921761,2.905326914,2.18845949
mask2_T2_glszm_LargeAreaHighGrayLevelEmphasis,0.213161599,0.044394669,0.002511379,0.004028787,6.925392804,3.816732837
mask2_T1C_glszm_SmallAreaLowGrayLevelEmphasis,0.213077178,0.045946426,0.002635165,0.003271412,3.622818606,4.776336726
mask2_T2_glrlm_RunVariance,0.212725134,0.04583629,0.002019579,0.003103309,4.632853996,1.87691966
mask2_T1C_glszm_ZonePercentage,0.212134295,0.0449485,0.001827265,0.002651187,1.540419384,1.401659951
mask1_T2_firstorder_MeanAbsoluteDeviation,0.212062917,0.043332111,0.001603106,0.002187862,3.488761818,1.926954993
mask1_T1C_glcm_Idm,0.211892692,0.044418147,0.002184506,0.002799014,2.475095562,2.041272341
mask2_T1C_glszm_ZoneVariance,0.211624071,0.043452959,0.00340936,0.004254071,1.251648122,1.067791257
mask1_T2_glcm_Imc2,0.211026888,0.044197686,0.001946538,0.002670628,1.852101696,1.52278644
mask2_T1C_glcm_Id,0.210811154,0.044241036,0.002147989,0.0029352,2.838429883,2.146450713
mask2_T2_glszm_SmallAreaHighGrayLevelEmphasis,0.210630563,0.045440839,0.002843019,0.003036997,2.213899287,1.918905311
mask1_T2_ngtdm_Complexity,0.210482773,0.043419503,0.003244769,0.004256405,12.12327972,5.192848062
mask1_T1C_glszm_SmallAreaHighGrayLevelEmphasis,0.210035893,0.04418615,0.001898088,0.002342054,2.911046343,1.983912396
mask1_T2_glszm_LargeAreaEmphasis,0.20976939,0.043348453,0.001787962,0.002290228,3.099574678,1.686675909
mask2_T1C_glcm_DifferenceEntropy,0.209679728,0.045231665,0.001731473,0.002361117,1.616617578,1.512385927
mask1_T1C_glszm_ZoneEntropy,0.209350682,0.045185525,0.002893497,0.003296438,7.985516322,4.11138372
mask2_T1C_glcm_MaximumProbability,0.209148654,0.044685112,0.004276164,0.004631176,4.743417809,3.870316391
mask1_T1C_glrlm_HighGrayLevelRunEmphasis,0.208839554,0.044199962,0.001762658,0.002411405,2.930076107,2.195649018
mask1_T2_glrlm_RunLengthNonUniformity,0.208585034,0.044700239,0.002786331,0.003593875,8.162232887,4.250671945
mask1_T2_ngtdm_Contrast,0.208180055,0.043786545,0.002350908,0.003560636,10.6727682,4.774621214
mask1_T2_glszm_ZoneVariance,0.2079272,0.042902107,0.001752474,0.002418784,3.091622973,1.683363061
mask1_T1C_glrlm_ShortRunHighGrayLevelEmphasis,0.207743476,0.043512475,0.001899838,0.002630233,2.810995968,2.161506121
mask1_T1C_glszm_ZoneVariance,0.207201619,0.042900086,0.002984506,0.004095012,8.79757458,4.014135125
mask1_T1C_glcm_ClusterShade,0.206975915,0.045014033,0.001877766,0.002413565,1.698265481,1.569335428
mask2_T2_glrlm_RunEntropy,0.206290022,0.042831082,0.001960296,0.002496634,3.050413558,2.133822361
mask1_T2_glrlm_LongRunHighGrayLevelEmphasis,0.206259237,0.043542448,0.002301561,0.002972573,4.694099621,2.902989627
mask1_T1C_glrlm_GrayLevelNonUniformity,0.206104499,0.044044217,0.002594388,0.003336436,6.143605171,3.547572852
mask1_T1C_firstorder_Maximum,0.206069589,0.043536268,0.0026413,0.003000082,3.31978255,2.841306864
mask2_T1C_glcm_ClusterTendency,0.205611635,0.045984325,0.002761609,0.003216292,8.605297068,4.202132577
mask1_T1C_firstorder_Minimum,0.205530485,0.044249925,0.001916238,0.002473213,2.523809746,2.027241855
mask1_T1C_glszm_LargeAreaLowGrayLevelEmphasis,0.204936293,0.043817265,0.002401037,0.003299638,7.818377211,3.257446749
mask1_T2_glszm_LowGrayLevelZoneEmphasis,0.204735094,0.044268482,0.002711681,0.003233149,5.940915022,2.96659661
mask1_T1C_glcm_ClusterTendency,0.204698109,0.041678794,0.002552983,0.003382523,4.633591463,2.95776713
mask1_T1C_glcm_Id,0.204514349,0.045291017,0.002041905,0.002887733,2.574684097,2.087123677
mask2_T2_ngtdm_Busyness,0.204360948,0.046174387,0.001635362,0.002393693,9.203048513,3.690083993
mask1_T2_glszm_ZoneEntropy,0.204311862,0.044663517,0.002424202,0.002929652,2.724169774,2.02167004
mask1_T2_ngtdm_Strength,0.203740931,0.043994541,0.003495822,0.004078981,3.413827587,2.219147134
mask1_T2_shape_Maximum2DDiameterSlice,0.203511942,0.044168733,0.001744494,0.002288171,1.175865152,1.218615756
mask2_T1C_glrlm_RunVariance,0.203150556,0.043623458,0.001918213,0.002590589,2.948179921,1.961208812
mask1_T1C_glszm_LargeAreaEmphasis,0.202990761,0.042627156,0.00301274,0.00416507,8.799585961,4.015592797
mask2_T2_glszm_GrayLevelVariance,0.202962598,0.043570136,0.002905728,0.003270418,1.502243212,1.44636575
mask1_T1C_glrlm_ShortRunLowGrayLevelEmphasis,0.202952065,0.044846352,0.001467688,0.002069395,3.355987869,3.20568592
mask1_T1C_glszm_SmallAreaEmphasis,0.202926169,0.042704194,0.001915449,0.002402694,4.864337359,3.15086419
mask1_T1C_glrlm_GrayLevelVariance,0.202896621,0.041954623,0.001932794,0.002751271,3.743994856,2.538846503
mask2_T2_glcm_JointAverage,0.202696871,0.043048218,0.002313213,0.00266049,4.388207293,2.814016347
mask2_T2_glcm_SumAverage,0.202696871,0.043048218,0.002266767,0.002657492,4.388207293,2.814016347
mask1_T1C_glszm_SizeZoneNonUniformityNormalized,0.202695745,0.043940504,0.002105069,0.002583394,4.743090205,3.012620124
mask1_T2_glszm_SmallAreaEmphasis,0.202519987,0.044875548,0.00211947,0.002578219,5.339117523,2.911124039
mask2_T2_shape_Elongation,0.201835248,0.045237485,0.003974196,0.003820911,4.006032285,2.700677429
mask1_T1C_glcm_JointEntropy,0.201737493,0.043368922,0.002922202,0.003976394,8.178443573,4.315964259
mask1_T1C_firstorder_10Percentile,0.200940075,0.043944245,0.002657764,0.00294781,2.517771202,2.229998776
mask1_T2_shape_MajorAxisLength,0.199909211,0.043403454,0.001588552,0.002047308,1.207185011,1.16631776
mask1_T2_shape_SurfaceArea,0.199883573,0.044912089,0.001625462,0.002309551,3.911765937,2.761393942
mask1_T2_firstorder_90Percentile,0.19971756,0.043190344,0.001669346,0.00221518,2.502716142,1.835358372
mask1_T2_glrlm_GrayLevelNonUniformity,0.199707054,0.042134635,0.001645453,0.002208773,1.635476762,1.68459678
mask2_T2_glcm_Imc2,0.198259531,0.041834038,0.001697339,0.002130145,1.119332756,1.260697649
mask1_T1C_firstorder_Energy,0.197997595,0.044338903,0.001945097,0.002526994,3.170083164,2.751690772
mask1_T1C_glcm_ClusterProminence,0.197950098,0.04549186,0.001658444,0.002242573,1.66977726,1.625080018
mask2_T1C_ngtdm_Contrast,0.197815648,0.043826879,0.002280966,0.003052849,1.786469425,2.168868363
mask1_T2_shape_VoxelVolume,0.197784113,0.043685462,0.001764067,0.002450567,2.861975894,2.275781233
mask1_T2_firstorder_Variance,0.19730572,0.044038567,0.001798773,0.002288351,4.693463746,1.980387193
mask1_T1C_glcm_SumSquares,0.196666567,0.041895378,0.002536308,0.003361935,4.529034274,2.937558832
mask2_T1C_firstorder_Range,0.196592126,0.0434398,0.002067444,0.002547415,2.117181208,1.764292618
mask2_T2_glszm_SmallAreaEmphasis,0.196210621,0.043836823,0.002093335,0.002453121,1.37765476,1.434641316
mask1_T2_ngtdm_Busyness,0.194257626,0.045457844,0.002029303,0.002491325,3.897260355,3.104587811
mask2_T1C_glcm_DifferenceAverage,0.192879642,0.043536687,0.001943885,0.002502475,2.360871551,1.783608961
mask1_T1C_glrlm_RunVariance,0.192858976,0.044651243,0.002171084,0.003029055,8.132827145,4.268493652
mask1_T1C_glcm_JointAverage,0.19252126,0.044045611,0.001472993,0.002066489,2.744391625,2.142255111
mask1_T1C_glcm_SumAverage,0.19252126,0.044045611,0.001515712,0.002194854,2.744391625,2.142255111
mask1_T1C_glszm_HighGrayLevelZoneEmphasis,0.190969897,0.04528252,0.001881642,0.002386823,1.451408176,1.450278669
mask2_T1C_glcm_InverseVariance,0.190221698,0.045640742,0.002515098,0.003297657,3.531676686,2.441345352
mask1_T2_glrlm_ShortRunLowGrayLevelEmphasis,0.189330636,0.04280299,0.002415376,0.003067639,5.303077449,3.200653018
mask1_T2_shape_MeshVolume,0.188896032,0.044500598,0.001666758,0.0023182,3.174855472,2.427414719
mask1_T2_firstorder_InterquartileRange,0.184097734,0.043238758,0.001539904,0.002170924,2.71730229,1.773266127
mask1_T2_glszm_GrayLevelNonUniformityNormalized,0.182869671,0.042577289,0.002902628,0.003242908,2.048428656,1.821828027
mask1_T1C_glrlm_LowGrayLevelRunEmphasis,0.182275468,0.04607597,0.001394584,0.001968207,2.954920216,2.759819978
mask1_T1C_glcm_Autocorrelation,0.181159182,0.043518876,0.001644334,0.002238709,2.408906527,1.9317306
mask2_T2_shape_Flatness,0.180740029,0.043970465,0.004554404,0.004777116,7.006018007,3.696904214
mask2_T2_glcm_Correlation,0.17888609,0.043291076,0.001618224,0.00205832,1.024211405,1.17277161
mask2_T2_glrlm_HighGrayLevelRunEmphasis,0.178615437,0.042311666,0.002171726,0.002553781,4.507768054,2.778599614
